{"cameraMode":{"drawMode":0,"name":"Shaded","section":"Shading Mode"},"sceneLighting":false,"audioPlay":false,"sceneViewState":{"showFog":true,"showMaterialUpdate":true,"showSkybox":false,"showFlares":true,"showImageEffects":true,"showParticleSystems":true},"in2DMode":false,"pivot":{"x":-0.003409862518310547,"y":-0.0051326751708984379,"z":-0.011646747589111328},"rotation":{"x":-0.04679155722260475,"y":-0.006895029451698065,"z":0.00032257859129458666,"w":-0.9988808035850525},"size":12.607973098754883,"orthographic":false}