{"cameraMode":{"drawMode":0,"name":"Shaded","section":"Shading Mode"},"sceneLighting":true,"audioPlay":false,"sceneViewState":{"showFog":true,"showMaterialUpdate":true,"showSkybox":true,"showFlares":true,"showImageEffects":true,"showParticleSystems":true},"in2DMode":false,"pivot":{"x":-3.212432384490967,"y":-5.785946369171143,"z":-3.877236843109131},"rotation":{"x":0.099546879529953,"y":-0.8320605158805847,"z":0.15864217281341554,"w":0.5221096277236939},"size":14.345337867736817,"orthographic":false}