{"cameraMode":{"drawMode":0,"name":"Shaded","section":"Shading Mode"},"sceneLighting":false,"audioPlay":false,"sceneViewState":{"showFog":true,"showMaterialUpdate":true,"showSkybox":true,"showFlares":true,"showImageEffects":true,"showParticleSystems":true},"in2DMode":false,"pivot":{"x":0.5700407028198242,"y":9.249481201171875,"z":27.99497413635254},"rotation":{"x":0.14880675077438355,"y":0.15271463990211488,"z":0.02326604723930359,"w":-0.9767259359359741},"size":29.741405487060548,"orthographic":false}